contractSymbol,lastTradeDate,strike,lastPrice,bid,ask,change,percentChange,volume,openInterest,impliedVolatility,inTheMoney,contractSize,currency
SPXW250411P01400000,2025-04-09 13:35:58+00:00,1400.0,0.05,0.0,0.0,0.0,0.0,20,188,0.500005,False,REGULAR,USD
SPXW250411P01600000,2025-04-07 13:31:25+00:00,1600.0,0.15,0.0,0.0,0.0,0.0,233,616,0.500005,False,REGULAR,USD
SPXW250411P01800000,2025-04-08 17:36:48+00:00,1800.0,0.05,0.0,0.0,0.0,0.0,1,51,0.500005,False,REGULAR,USD
SPXW250411P02000000,2025-04-09 14:18:02+00:00,2000.0,0.05,0.0,0.0,0.0,0.0,1,183,0.500005,False,REGULAR,USD
SPXW250411P02200000,2025-04-08 19:27:15+00:00,2200.0,0.05,0.0,0.0,0.0,0.0,2,1086,0.500005,False,REGULAR,USD
SPXW250411P02400000,2025-04-09 13:38:15+00:00,2400.0,0.05,0.0,0.0,0.0,0.0,16,5189,0.500005,False,REGULAR,USD
SPXW250411P02600000,2025-04-11 08:03:02+00:00,2600.0,0.1,0.0,0.0,0.05,100.0,1,1200,0.500005,False,REGULAR,USD
SPXW250411P02800000,2025-04-09 19:18:14+00:00,2800.0,0.05,0.0,0.0,0.0,0.0,25,1461,0.500005,False,REGULAR,USD
SPXW250411P03000000,2025-04-10 17:16:58+00:00,3000.0,0.05,0.0,0.0,0.0,0.0,6,4149,0.500005,False,REGULAR,USD
SPXW250411P03200000,2025-04-10 17:25:34+00:00,3200.0,0.05,0.0,0.0,0.0,0.0,513,4444,0.500005,False,REGULAR,USD
SPXW250411P03400000,2025-04-10 18:25:23+00:00,3400.0,0.03,0.0,0.0,0.0,0.0,953,3640,0.500005,False,REGULAR,USD
SPXW250411P03600000,2025-04-10 19:57:15+00:00,3600.0,0.03,0.0,0.0,0.0,0.0,3844,6330,0.500005,False,REGULAR,USD
SPXW250411P03800000,2025-04-11 07:50:53+00:00,3800.0,0.1,0.0,0.0,0.05,100.0,7,9733,0.500005,False,REGULAR,USD
SPXW250411P04000000,2025-04-10 20:06:32+00:00,4000.0,0.04,0.0,0.0,0.0,0.0,4747,8115,0.500005,False,REGULAR,USD
SPXW250411P04100000,2025-04-11 07:50:52+00:00,4100.0,0.05,0.0,0.05,0.0,0.0,37,6058,1.3906280468749999,False,REGULAR,USD
SPXW250411P04200000,2025-04-11 08:25:51+00:00,4200.0,0.05,0.0,0.0,-0.05,-50.0,63,17703,0.500005,False,REGULAR,USD
SPXW250411P04300000,2025-04-11 11:55:28+00:00,4300.0,0.05,0.0,0.05,-0.11,-68.75,7210,14402,1.140629296875,False,REGULAR,USD
SPXW250411P04350000,2025-04-11 09:01:00+00:00,4350.0,0.05,0.0,0.0,-0.05,-50.0,3009,8021,0.500005,False,REGULAR,USD
SPXW250411P04400000,2025-04-11 12:00:41+00:00,4400.0,0.05,0.05,0.15,-0.2,-80.0,7415,18335,1.1367230664062502,False,REGULAR,USD
SPXW250411P04450000,2025-04-11 09:57:33+00:00,4450.0,0.1,0.05,0.15,-0.27,-72.97298,3008,6264,1.0703171484375003,False,REGULAR,USD
SPXW250411P04500000,2025-04-11 09:46:26+00:00,4500.0,0.15,0.1,0.2,-0.19999999,-57.142853,84,20456,1.0429735351562504,False,REGULAR,USD
SPXW250411P04550000,2025-04-11 11:51:16+00:00,4550.0,0.25,0.1,0.2,-0.35000002,-58.333336,159,5257,0.975586181640625,False,REGULAR,USD
SPXW250411P04600000,2025-04-11 11:10:27+00:00,4600.0,0.15,0.2,0.3,-0.6,-80.00001,267,13705,0.95507857421875,False,REGULAR,USD
SPXW250411P04650000,2025-04-11 11:18:59+00:00,4650.0,0.25,0.25,0.4,-0.75,-75.0,173,6434,0.9101571484375,False,REGULAR,USD
SPXW250411P04675000,2025-04-11 09:28:30+00:00,4675.0,0.75,0.3,0.45,-0.70000005,-48.275867,121,1542,0.8886729882812499,False,REGULAR,USD
SPXW250411P04700000,2025-04-11 11:59:18+00:00,4700.0,0.45,0.35,0.5,-1.2,-72.72727,1656,12605,0.8652357226562499,False,REGULAR,USD
SPXW250411P04725000,2025-04-11 11:50:31+00:00,4725.0,0.75,0.5,0.65,-1.0,-57.142857,115,1195,0.8588881298828125,False,REGULAR,USD
SPXW250411P04750000,2025-04-11 12:00:00+00:00,4750.0,0.7,0.6,0.75,-1.3,-65.0,637,6813,0.8383805224609374,False,REGULAR,USD
SPXW250411P04775000,2025-04-11 11:59:24+00:00,4775.0,0.85,0.8,1.0,-2.0300002,-70.486115,154,1034,0.831056376953125,False,REGULAR,USD
SPXW250411P04800000,2025-04-11 12:01:31+00:00,4800.0,1.05,1.0,1.15,-1.6300001,-60.8209,2043,11576,0.8117694604492187,False,REGULAR,USD
SPXW250411P04825000,2025-04-11 11:54:28+00:00,4825.0,1.6,1.25,1.45,-1.5500001,-49.20635,163,675,0.7980977221679688,False,REGULAR,USD
SPXW250411P04850000,2025-04-11 11:57:59+00:00,4850.0,1.5,1.65,1.85,-2.14,-58.79121,433,23440,0.788088056640625,False,REGULAR,USD
SPXW250411P04860000,2025-04-11 12:02:50+00:00,4860.0,2.0,1.8,1.95,-1.9000001,-48.717953,123,249,0.7799094274902343,False,REGULAR,USD
SPXW250411P04870000,2025-04-11 12:00:56+00:00,4870.0,1.95,2.0,2.15,-2.05,-51.25,134,295,0.7757590783691408,False,REGULAR,USD
SPXW250411P04875000,2025-04-11 11:59:32+00:00,4875.0,1.95,2.1,2.3,-2.1499999,-52.439022,203,910,0.7746604565429689,False,REGULAR,USD
SPXW250411P04880000,2025-04-11 11:59:20+00:00,4880.0,2.1,2.25,2.3,-2.1,-50.0,258,699,0.7703880383300781,False,REGULAR,USD
SPXW250411P04890000,2025-04-11 11:56:38+00:00,4890.0,2.3,2.35,2.55,-2.3999999,-51.063828,125,555,0.762697685546875,False,REGULAR,USD
SPXW250411P04900000,2025-04-11 12:00:18+00:00,4900.0,2.4,2.5,2.7,-2.2799997,-48.717945,1476,33408,0.7530542272949219,False,REGULAR,USD
SPXW250411P04910000,2025-04-11 12:03:04+00:00,4910.0,2.9,2.85,3.1,-2.1999998,-44.89796,165,770,0.7534814691162108,False,REGULAR,USD
SPXW250411P04920000,2025-04-11 12:02:50+00:00,4920.0,3.28,3.2,3.3,-2.0200002,-38.11321,195,875,0.7476831872558594,False,REGULAR,USD
SPXW250411P04925000,2025-04-11 11:59:56+00:00,4925.0,3.3,3.2,3.5,-2.1000001,-38.88889,271,2874,0.7428004235839842,False,REGULAR,USD
SPXW250411P04930000,2025-04-11 12:01:03+00:00,4930.0,3.1,3.3,3.6,-2.5,-44.642857,269,598,0.7377955908203124,False,REGULAR,USD
SPXW250411P04940000,2025-04-11 11:56:36+00:00,4940.0,3.6,3.7,4.0,-2.5,-40.98361,102,385,0.7351100708007812,False,REGULAR,USD
SPXW250411P04950000,2025-04-11 11:59:59+00:00,4950.0,4.1,4.2,4.3,-1.9000001,-31.66667,488,3528,0.7308376525878906,False,REGULAR,USD
SPXW250411P04960000,2025-04-11 11:57:47+00:00,4960.0,4.06,4.5,4.8,-3.02,-42.65537,108,415,0.7253445434570311,False,REGULAR,USD
SPXW250411P04970000,2025-04-11 11:56:36+00:00,4970.0,4.6,5.0,5.2,-2.7000003,-36.986305,143,653,0.7202786761474609,False,REGULAR,USD
SPXW250411P04975000,2025-04-11 12:02:28+00:00,4975.0,5.3,5.1,5.4,-2.3999996,-31.168827,347,1212,0.7150297052001953,False,REGULAR,USD
SPXW250411P04980000,2025-04-11 12:02:12+00:00,4980.0,5.5,5.3,5.7,-1.8000002,-24.657536,71,5004,0.7125272888183594,False,REGULAR,USD
SPXW250411P04990000,2025-04-11 12:00:41+00:00,4990.0,5.6,5.8,6.1,-2.1,-27.272726,95,561,0.705203143310547,False,REGULAR,USD
SPXW250411P05000000,2025-04-11 12:02:11+00:00,5000.0,6.2,6.3,6.7,-2.0,-24.390244,1396,7857,0.6995269305419922,False,REGULAR,USD
SPXW250411P05010000,2025-04-11 11:54:12+00:00,5010.0,8.0,6.9,7.3,-1.6000004,-16.66667,71,447,0.6937896832275392,False,REGULAR,USD
SPXW250411P05020000,2025-04-11 11:55:56+00:00,5020.0,8.5,7.4,7.7,-1.75,-17.073172,130,276,0.6834138104248049,False,REGULAR,USD
SPXW250411P05025000,2025-04-11 11:56:38+00:00,5025.0,7.5,7.9,8.3,-2.5,-25.0,49,1618,0.6851838122558593,False,REGULAR,USD
SPXW250411P05030000,2025-04-11 12:00:45+00:00,5030.0,8.1,8.2,8.7,-2.29,-22.040422,95,607,0.6820405331420901,False,REGULAR,USD
SPXW250411P05040000,2025-04-11 12:00:01+00:00,5040.0,8.5,8.9,9.4,-2.6999998,-24.107141,76,849,0.6748079394531252,False,REGULAR,USD
SPXW250411P05050000,2025-04-11 11:59:47+00:00,5050.0,9.7,9.7,10.2,-2.8500004,-22.709166,518,3170,0.66836879486084,False,REGULAR,USD
SPXW250411P05060000,2025-04-11 11:57:13+00:00,5060.0,10.0,10.3,10.8,-3.9499998,-28.31541,70,859,0.6569858520507813,False,REGULAR,USD
SPXW250411P05070000,2025-04-11 11:56:22+00:00,5070.0,11.3,11.2,11.7,-3.71,-24.716856,140,929,0.6499973965454101,False,REGULAR,USD
SPXW250411P05075000,2025-04-11 11:37:28+00:00,5075.0,13.78,11.8,12.2,-2.1900005,-13.713216,218,1178,0.647739118347168,False,REGULAR,USD
SPXW250411P05080000,2025-04-11 11:13:37+00:00,5080.0,11.7,12.3,12.8,-4.8499994,-29.305134,20,453,0.6450535983276368,False,REGULAR,USD
SPXW250411P05090000,2025-04-11 11:50:30+00:00,5090.0,17.3,13.8,14.2,0.32999992,1.9446077,80,1514,0.6440770455932617,False,REGULAR,USD
SPXW250411P05100000,2025-04-11 12:02:38+00:00,5100.0,15.3,14.7,15.1,-3.999999,-20.725384,1004,11441,0.6329687582397462,False,REGULAR,USD
SPXW250411P05110000,2025-04-11 11:21:24+00:00,5110.0,17.86,16.5,17.1,-1.4799995,-7.652531,94,4108,0.6349828982543947,False,REGULAR,USD
SPXW250411P05120000,2025-04-11 11:59:47+00:00,5120.0,17.4,17.7,18.1,-5.01,-22.356092,54,404,0.6239661627197266,False,REGULAR,USD
SPXW250411P05125000,2025-04-11 09:29:05+00:00,5125.0,29.5,18.1,18.7,7.5699997,34.518925,98,4305,0.6173744317626955,False,REGULAR,USD
SPXW250411P05130000,2025-04-11 11:56:38+00:00,5130.0,18.8,18.9,19.4,-4.08,-17.832169,79,1072,0.6137581349182131,False,REGULAR,USD
SPXW250411P05140000,2025-04-11 11:59:46+00:00,5140.0,20.5,20.6,21.1,-4.4699993,-17.90148,120,865,0.6078530426025393,False,REGULAR,USD
SPXW250411P05150000,2025-04-11 12:01:21+00:00,5150.0,21.6,22.5,23.0,-5.3199997,-19.762259,433,4502,0.6026651062011721,False,REGULAR,USD
SPXW250411P05160000,2025-04-11 12:00:44+00:00,5160.0,24.5,24.2,24.8,-4.299999,-14.930553,70,856,0.5939982006835938,False,REGULAR,USD
SPXW250411P05170000,2025-04-11 11:49:53+00:00,5170.0,32.0,26.4,27.0,-1.2599983,-3.7883294,48,1045,0.5887339710998536,False,REGULAR,USD
SPXW250411P05175000,2025-04-11 11:42:09+00:00,5175.0,31.5,27.8,28.3,-3.3100014,-9.508765,114,1857,0.5881083670043946,False,REGULAR,USD
SPXW250411P05180000,2025-04-11 11:41:23+00:00,5180.0,30.9,28.6,29.2,-2.92,-8.6339445,47,376,0.5816081878662109,False,REGULAR,USD
SPXW250411P05185000,2025-04-11 11:39:19+00:00,5185.0,34.5,30.1,30.6,-0.8499985,-2.404522,33,274,0.5810588769531251,False,REGULAR,USD
SPXW250411P05190000,2025-04-11 11:50:40+00:00,5190.0,38.5,31.4,31.9,1.9599991,5.363982,49,311,0.5783886155700684,False,REGULAR,USD
SPXW250411P05195000,2025-04-11 11:59:15+00:00,5195.0,31.53,32.7,33.2,-7.409998,-19.029272,63,342,0.5752300778198242,False,REGULAR,USD
SPXW250411P05200000,2025-04-11 12:02:01+00:00,5200.0,33.0,35.0,35.7,-9.0,-21.428572,662,9846,0.5826152578735352,False,REGULAR,USD
SPXW250411P05205000,2025-04-11 11:59:54+00:00,5205.0,35.2,36.4,37.1,-8.239998,-18.968687,47,160,0.5793499096679688,False,REGULAR,USD
SPXW250411P05210000,2025-04-11 11:56:59+00:00,5210.0,37.1,36.8,37.3,-5.3600006,-12.623648,50,352,0.5647931704711916,False,REGULAR,USD
SPXW250411P05215000,2025-04-11 11:51:42+00:00,5215.0,46.0,37.9,38.6,-2.0200005,-4.2065816,64,216,0.5587202331542969,False,REGULAR,USD
SPXW250411P05220000,2025-04-11 11:19:35+00:00,5220.0,43.6,39.6,40.2,-2.9800034,-6.3976026,158,602,0.556492472229004,False,REGULAR,USD
SPXW250411P05225000,2025-04-11 11:58:04+00:00,5225.0,40.0,42.6,43.3,-7.1100006,-15.092339,47,2755,0.5670056727600099,False,REGULAR,USD
SPXW250411P05230000,2025-04-11 11:56:51+00:00,5230.0,44.0,44.1,44.8,-6.299999,-12.52485,141,505,0.5621686849975586,False,REGULAR,USD
SPXW250411P05235000,2025-04-11 11:51:56+00:00,5235.0,54.4,44.3,45.0,3.5,6.876228,47,300,0.5446670289611817,False,REGULAR,USD
SPXW250411P05240000,2025-04-11 11:41:32+00:00,5240.0,48.93,46.0,46.7,-6.3600006,-11.502985,58,990,0.5407303007507325,False,REGULAR,USD
SPXW250411P05245000,2025-04-11 10:55:21+00:00,5245.0,39.4,47.8,48.5,-15.829998,-28.661955,21,193,0.5371750384521485,False,REGULAR,USD
SPXW250411P05250000,2025-04-11 11:28:45+00:00,5250.0,52.69,49.8,50.4,-3.0100021,-5.4039536,162,3310,0.5343979666137696,False,REGULAR,USD
SPXW250411P05255000,2025-04-11 11:57:28+00:00,5255.0,50.23,51.7,52.3,-8.189999,-14.01917,35,200,0.5305833074951172,False,REGULAR,USD
SPXW250411P05260000,2025-04-11 11:49:52+00:00,5260.0,62.2,53.7,54.3,-1.4300003,-2.247368,43,512,0.5270890797424317,False,REGULAR,USD
SPXW250411P05265000,2025-04-11 11:42:03+00:00,5265.0,61.3,55.5,56.3,0.099998474,0.1633962,52,334,0.522068988342285,False,REGULAR,USD
SPXW250411P05270000,2025-04-11 11:48:49+00:00,5270.0,64.0,57.6,58.4,0.049999237,0.07818489,144,514,0.5182543292236328,True,REGULAR,USD
SPXW250411P05275000,2025-04-11 11:45:49+00:00,5275.0,64.0,59.7,60.5,-5.0999985,-7.3806057,70,652,0.5138140660095214,True,REGULAR,USD
SPXW250411P05280000,2025-04-11 10:28:20+00:00,5280.0,45.65,61.9,62.7,-27.650002,-37.721695,42,457,0.5096179409790039,True,REGULAR,USD
SPXW250411P05285000,2025-04-11 11:57:28+00:00,5285.0,62.58,64.1,64.9,-13.019997,-17.222218,53,134,0.504765694580078,True,REGULAR,USD
SPXW250411P05290000,2025-04-11 10:45:41+00:00,5290.0,60.6,66.4,67.3,-11.200005,-15.598892,20,468,0.5006153454589843,True,REGULAR,USD
SPXW250411P05295000,2025-04-11 10:54:12+00:00,5295.0,60.1,69.2,69.7,-19.900002,-24.875002,48,213,0.5003712072753908,True,REGULAR,USD
SPXW250411P05300000,2025-04-11 11:59:02+00:00,5300.0,71.4,71.2,72.1,-8.299995,-10.414047,116,4737,0.49527482269287115,True,REGULAR,USD
SPXW250411P05305000,2025-04-11 11:41:26+00:00,5305.0,76.26,73.8,74.6,-11.639999,-13.242321,25,142,0.4903768003845215,True,REGULAR,USD
SPXW250411P05310000,2025-04-11 10:59:52+00:00,5310.0,68.1,76.3,77.1,-19.700005,-22.437363,26,337,0.48470058761596685,True,REGULAR,USD
SPXW250411P05315000,2025-04-11 10:26:29+00:00,5315.0,69.7,79.2,80.0,-24.600006,-26.086962,24,83,0.48209136077880865,True,REGULAR,USD
SPXW250411P05320000,2025-04-11 09:57:00+00:00,5320.0,75.37,81.6,82.5,-18.899994,-20.04879,18,516,0.4747977325439453,True,REGULAR,USD
SPXW250411P05325000,2025-04-11 11:53:01+00:00,5325.0,94.9,84.4,85.2,3.5999985,3.943043,12,725,0.4685874674987793,True,REGULAR,USD
SPXW250411P05330000,2025-04-11 11:14:09+00:00,5330.0,80.88,87.2,88.1,-17.82,-18.054712,14,445,0.4634758242797852,True,REGULAR,USD
SPXW250411P05335000,2025-04-11 03:24:04+00:00,5335.0,101.5,90.2,90.9,3.209999,3.265845,5,136,0.45642633422851564,True,REGULAR,USD
SPXW250411P05340000,2025-04-11 10:19:55+00:00,5340.0,86.0,93.2,93.9,-13.980003,-13.9828,10,1493,0.45044494873046875,True,REGULAR,USD
SPXW250411P05345000,2025-04-11 03:23:27+00:00,5345.0,118.1,96.6,97.7,11.699997,10.996238,4,180,0.4521844332885743,True,REGULAR,USD
SPXW250411P05350000,2025-04-11 11:31:24+00:00,5350.0,102.1,99.7,100.8,-11.060005,-9.773776,17,3154,0.4454706332397461,True,REGULAR,USD
SPXW250411P05355000,2025-04-11 10:09:46+00:00,5355.0,97.7,102.9,104.0,-11.560005,-10.580272,7,111,0.4387415745544434,True,REGULAR,USD
SPXW250411P05360000,2025-04-11 11:29:53+00:00,5360.0,111.2,105.6,106.8,-7.7000046,-6.476034,22,434,0.4259700958251954,True,REGULAR,USD
SPXW250411P05365000,2025-04-11 07:23:56+00:00,5365.0,102.7,109.3,110.4,-26.75,-20.66435,4,1421,0.4215145739746094,True,REGULAR,USD
SPXW250411P05370000,2025-04-11 12:00:40+00:00,5370.0,111.0,112.4,113.5,-10.220001,-8.430953,8,1365,0.4092466302490234,True,REGULAR,USD
SPXW250411P05375000,2025-04-11 11:15:48+00:00,5375.0,112.3,114.3,118.9,-14.019997,-11.098794,10,646,0.426885614013672,True,REGULAR,USD
SPXW250411P05380000,2025-04-11 06:39:41+00:00,5380.0,104.1,117.9,123.0,-24.470009,-19.03244,6,1422,0.4265804412841797,True,REGULAR,USD
SPXW250411P05385000,2025-04-11 11:11:30+00:00,5385.0,109.2,121.5,126.3,-18.130005,-14.238596,23,139,0.4136411175537109,True,REGULAR,USD
SPXW250411P05390000,2025-04-11 07:04:40+00:00,5390.0,113.26,125.1,130.2,-19.499992,-14.688154,32,390,0.4079038702392578,True,REGULAR,USD
SPXW250411P05395000,2025-04-11 10:02:02+00:00,5395.0,122.17,128.8,133.7,-25.710007,-17.385723,10,218,0.3937743728637696,True,REGULAR,USD
SPXW250411P05400000,2025-04-11 10:02:02+00:00,5400.0,125.77,132.6,137.8,-12.290001,-8.901928,45,3925,0.38794557373046873,True,REGULAR,USD
SPXW250411P05405000,2025-04-11 06:43:46+00:00,5405.0,115.4,136.5,141.0,-41.1,-26.26198,2,109,0.3610293389892578,True,REGULAR,USD
SPXW250411P05410000,2025-04-11 06:43:46+00:00,5410.0,118.8,140.4,145.5,-32.72,-21.59451,19,250,0.35883209533691407,True,REGULAR,USD
SPXW250411P05415000,2025-04-11 01:19:45+00:00,5415.0,196.5,144.3,149.2,34.5,21.296297,5,208,0.33222103332519537,True,REGULAR,USD
SPXW250411P05420000,2025-04-10 20:03:43+00:00,5420.0,156.06,150.1,155.4,0.0,0.0,235,914,0.37500625,True,REGULAR,USD
SPXW250411P05425000,2025-04-11 04:38:06+00:00,5425.0,162.25,154.2,159.5,-1.0700073,-0.65515995,5,970,0.3590151989746094,True,REGULAR,USD
SPXW250411P05430000,2025-04-10 19:59:39+00:00,5430.0,173.8,158.3,163.6,0.0,0.0,44,217,0.3367986242675781,True,REGULAR,USD
SPXW250411P05435000,2025-04-10 19:31:27+00:00,5435.0,185.6,162.5,167.8,0.0,0.0,21,168,0.30689169677734374,True,REGULAR,USD
SPXW250411P05440000,2025-04-11 08:42:30+00:00,5440.0,216.04,166.7,170.7,27.039993,14.306874,2,262,1.0000000000000003e-05,True,REGULAR,USD
SPXW250411P05445000,2025-04-10 19:59:44+00:00,5445.0,185.6,171.0,176.3,0.0,0.0,32,129,1.0000000000000003e-05,True,REGULAR,USD
SPXW250411P05450000,2025-04-11 06:42:33+00:00,5450.0,143.72,175.3,179.2,-38.979996,-21.33552,1,2417,1.0000000000000003e-05,True,REGULAR,USD
SPXW250411P05455000,2025-04-10 19:59:57+00:00,5455.0,192.2,179.7,185.0,0.0,0.0,66,157,1.0000000000000003e-05,True,REGULAR,USD
SPXW250411P05460000,2025-04-10 20:07:47+00:00,5460.0,198.3,184.1,189.4,0.0,0.0,34,386,1.0000000000000003e-05,True,REGULAR,USD
SPXW250411P05465000,2025-04-10 19:32:18+00:00,5465.0,206.3,188.5,193.9,0.0,0.0,28,65,1.0000000000000003e-05,True,REGULAR,USD
SPXW250411P05470000,2025-04-10 19:53:33+00:00,5470.0,210.65,193.0,196.9,0.0,0.0,17,494,1.0000000000000003e-05,True,REGULAR,USD
SPXW250411P05475000,2025-04-10 19:56:02+00:00,5475.0,216.9,197.5,201.4,0.0,0.0,156,395,1.0000000000000003e-05,True,REGULAR,USD
SPXW250411P05480000,2025-04-10 19:50:34+00:00,5480.0,244.1,202.0,207.4,0.0,0.0,9,274,1.0000000000000003e-05,True,REGULAR,USD
SPXW250411P05485000,2025-04-10 19:55:20+00:00,5485.0,246.5,206.6,210.5,0.0,0.0,10,107,1.0000000000000003e-05,True,REGULAR,USD
SPXW250411P05490000,2025-04-10 20:03:43+00:00,5490.0,216.18,211.2,215.1,0.0,0.0,53,235,1.0000000000000003e-05,True,REGULAR,USD
SPXW250411P05495000,2025-04-10 19:32:44+00:00,5495.0,232.44,215.8,219.7,0.0,0.0,46,118,1.0000000000000003e-05,True,REGULAR,USD
SPXW250411P05500000,2025-04-11 11:29:20+00:00,5500.0,223.68,220.5,224.3,0.1499939,0.06710236,1,3943,1.0000000000000003e-05,True,REGULAR,USD
SPXW250411P05505000,2025-04-10 20:09:41+00:00,5505.0,233.9,225.1,230.5,0.0,0.0,24,159,1.0000000000000003e-05,True,REGULAR,USD
SPXW250411P05510000,2025-04-10 19:55:35+00:00,5510.0,260.0,229.8,233.6,0.0,0.0,23,387,1.0000000000000003e-05,True,REGULAR,USD
SPXW250411P05515000,2025-04-10 19:16:42+00:00,5515.0,247.9,234.5,238.3,0.0,0.0,2,134,1.0000000000000003e-05,True,REGULAR,USD
SPXW250411P05520000,2025-04-10 19:53:17+00:00,5520.0,262.42,239.2,243.0,0.0,0.0,140,757,1.0000000000000003e-05,True,REGULAR,USD
SPXW250411P05525000,2025-04-11 08:00:31+00:00,5525.0,270.34,243.9,247.8,-6.860016,-2.4747531,3,2246,1.0000000000000003e-05,True,REGULAR,USD
SPXW250411P05530000,2025-04-10 19:52:45+00:00,5530.0,271.8,248.6,254.0,0.0,0.0,135,1145,1.0000000000000003e-05,True,REGULAR,USD
SPXW250411P05535000,2025-04-10 19:18:43+00:00,5535.0,262.0,253.4,258.8,0.0,0.0,5,138,1.0000000000000003e-05,True,REGULAR,USD
SPXW250411P05540000,2025-04-10 19:50:42+00:00,5540.0,300.4,258.1,263.6,0.0,0.0,104,421,1.0000000000000003e-05,True,REGULAR,USD
SPXW250411P05545000,2025-04-10 19:33:00+00:00,5545.0,284.89,262.9,268.3,0.0,0.0,75,219,1.0000000000000003e-05,True,REGULAR,USD
SPXW250411P05550000,2025-04-11 09:11:24+00:00,5550.0,315.36,267.7,273.1,4.159973,1.3367523,1,2377,1.0000000000000003e-05,True,REGULAR,USD
SPXW250411P05555000,2025-04-10 19:36:30+00:00,5555.0,298.2,270.6,275.8,0.0,0.0,5,150,1.0000000000000003e-05,True,REGULAR,USD
SPXW250411P05560000,2025-04-11 10:23:05+00:00,5560.0,234.9,275.4,280.2,-79.42999,-25.269619,2,322,1.0000000000000003e-05,True,REGULAR,USD
SPXW250411P05565000,2025-04-10 19:33:01+00:00,5565.0,304.5,280.2,285.0,0.0,0.0,38,215,1.0000000000000003e-05,True,REGULAR,USD
SPXW250411P05570000,2025-04-10 20:00:18+00:00,5570.0,313.5,285.0,290.2,0.0,0.0,29,277,1.0000000000000003e-05,True,REGULAR,USD
SPXW250411P05575000,2025-04-10 19:33:13+00:00,5575.0,313.76,289.9,294.7,0.0,0.0,29,1005,1.0000000000000003e-05,True,REGULAR,USD
SPXW250411P05580000,2025-04-10 19:33:00+00:00,5580.0,319.44,294.7,299.9,0.0,0.0,25,350,1.0000000000000003e-05,True,REGULAR,USD
SPXW250411P05585000,2025-04-10 20:08:27+00:00,5585.0,313.4,299.6,304.4,0.0,0.0,6,136,1.0000000000000003e-05,True,REGULAR,USD
SPXW250411P05590000,2025-04-10 19:10:49+00:00,5590.0,322.25,306.4,311.8,0.0,0.0,28,1157,1.0000000000000003e-05,True,REGULAR,USD
SPXW250411P05595000,2025-04-10 19:59:43+00:00,5595.0,326.9,309.3,314.5,0.0,0.0,25,207,1.0000000000000003e-05,True,REGULAR,USD
SPXW250411P05600000,2025-04-11 01:30:28+00:00,5600.0,384.8,314.2,319.1,61.19998,18.912231,4,2560,1.0000000000000003e-05,True,REGULAR,USD
SPXW250411P05605000,2025-04-10 19:59:19+00:00,5605.0,341.5,319.1,323.9,0.0,0.0,7,142,1.0000000000000003e-05,True,REGULAR,USD
SPXW250411P05610000,2025-04-10 20:04:54+00:00,5610.0,331.8,326.0,331.4,0.0,0.0,25,536,1.0000000000000003e-05,True,REGULAR,USD
SPXW250411P05615000,2025-04-10 20:03:48+00:00,5615.0,337.7,330.9,336.3,0.0,0.0,36,358,1.0000000000000003e-05,True,REGULAR,USD
SPXW250411P05620000,2025-04-11 06:40:27+00:00,5620.0,306.09,333.8,338.6,-36.01001,-10.526165,3,812,1.0000000000000003e-05,True,REGULAR,USD
SPXW250411P05625000,2025-04-11 09:11:24+00:00,5625.0,388.86,338.7,343.6,43.159973,12.484804,1,4748,1.0000000000000003e-05,True,REGULAR,USD
SPXW250411P05630000,2025-04-10 20:14:30+00:00,5630.0,352.0,343.6,348.8,0.0,0.0,44,642,1.0000000000000003e-05,True,REGULAR,USD
SPXW250411P05635000,2025-04-10 20:04:33+00:00,5635.0,354.1,348.5,353.8,0.0,0.0,17,127,1.0000000000000003e-05,True,REGULAR,USD
SPXW250411P05640000,2025-04-10 19:48:17+00:00,5640.0,418.2,353.5,358.3,0.0,0.0,21,237,1.0000000000000003e-05,True,REGULAR,USD
SPXW250411P05645000,2025-04-10 20:04:09+00:00,5645.0,368.0,358.4,363.6,0.0,0.0,6,204,1.0000000000000003e-05,True,REGULAR,USD
SPXW250411P05650000,2025-04-10 20:04:23+00:00,5650.0,370.7,363.3,368.6,0.0,0.0,81,5210,1.0000000000000003e-05,True,REGULAR,USD
SPXW250411P05655000,2025-04-10 19:48:41+00:00,5655.0,439.7,368.3,373.1,0.0,0.0,12,122,1.0000000000000003e-05,True,REGULAR,USD
SPXW250411P05660000,2025-04-10 20:04:10+00:00,5660.0,383.1,373.2,378.4,0.0,0.0,26,282,1.0000000000000003e-05,True,REGULAR,USD
SPXW250411P05665000,2025-04-10 14:49:30+00:00,5665.0,366.64,378.2,383.0,0.0,0.0,13,89,1.0000000000000003e-05,True,REGULAR,USD
SPXW250411P05670000,2025-04-11 03:38:06+00:00,5670.0,410.4,383.1,388.3,18.100006,4.6138177,1,426,1.0000000000000003e-05,True,REGULAR,USD
SPXW250411P05675000,2025-04-10 20:02:07+00:00,5675.0,396.7,388.1,392.9,0.0,0.0,31,645,1.0000000000000003e-05,True,REGULAR,USD
SPXW250411P05680000,2025-04-11 00:59:06+00:00,5680.0,483.4,393.0,398.3,80.0,19.831432,7,131,1.0000000000000003e-05,True,REGULAR,USD
SPXW250411P05685000,2025-04-10 20:04:10+00:00,5685.0,407.8,400.0,405.4,0.0,0.0,12,81,1.0000000000000003e-05,True,REGULAR,USD
SPXW250411P05690000,2025-04-11 00:26:14+00:00,5690.0,480.9,403.0,407.8,31.100006,6.9141855,7,119,1.0000000000000003e-05,True,REGULAR,USD
SPXW250411P05695000,2025-04-10 18:27:14+00:00,5695.0,397.9,407.9,413.1,0.0,0.0,1,74,1.0000000000000003e-05,True,REGULAR,USD
SPXW250411P05700000,2025-04-10 20:04:12+00:00,5700.0,422.51,412.9,417.7,0.0,0.0,115,998,1.0000000000000003e-05,True,REGULAR,USD
SPXW250411P05705000,2025-04-10 14:12:18+00:00,5705.0,414.97,417.9,422.7,0.0,0.0,4,70,1.0000000000000003e-05,True,REGULAR,USD
SPXW250411P05710000,2025-04-10 19:52:24+00:00,5710.0,448.68,422.8,428.1,0.0,0.0,4,92,1.0000000000000003e-05,True,REGULAR,USD
SPXW250411P05715000,2025-04-08 15:01:29+00:00,5715.0,507.3,427.8,433.0,0.0,0.0,1,51,1.0000000000000003e-05,True,REGULAR,USD
SPXW250411P05720000,2025-04-11 00:59:04+00:00,5720.0,522.1,432.8,437.6,30.299988,6.161039,7,119,1.0000000000000003e-05,True,REGULAR,USD
SPXW250411P05725000,2025-04-10 20:03:58+00:00,5725.0,444.0,437.8,442.6,0.0,0.0,10,1047,1.0000000000000003e-05,True,REGULAR,USD
SPXW250411P05730000,2025-04-11 00:26:14+00:00,5730.0,520.8,442.7,447.6,10.799988,2.1176445,7,120,1.0000000000000003e-05,True,REGULAR,USD
SPXW250411P05735000,2025-04-10 19:38:52+00:00,5735.0,492.2,447.5,457.5,0.0,0.0,24,40,1.0000000000000003e-05,True,REGULAR,USD
SPXW250411P05740000,2025-04-10 19:42:48+00:00,5740.0,520.9,452.7,457.9,0.0,0.0,10,180,1.0000000000000003e-05,True,REGULAR,USD
SPXW250411P05745000,2025-04-10 19:46:45+00:00,5745.0,522.2,455.9,465.4,0.0,0.0,7,25,1.0000000000000003e-05,True,REGULAR,USD
SPXW250411P05750000,2025-04-10 19:25:35+00:00,5750.0,472.7,462.7,467.5,0.0,0.0,33,1132,1.0000000000000003e-05,True,REGULAR,USD
SPXW250411P05755000,2025-04-10 18:40:25+00:00,5755.0,459.3,467.7,472.5,0.0,0.0,1,52,1.0000000000000003e-05,True,REGULAR,USD
SPXW250411P05760000,2025-04-10 19:46:30+00:00,5760.0,536.2,472.6,477.5,0.0,0.0,14,185,1.0000000000000003e-05,True,REGULAR,USD
SPXW250411P05765000,2025-04-10 19:47:29+00:00,5765.0,536.4,477.4,487.4,0.0,0.0,17,40,1.0000000000000003e-05,True,REGULAR,USD
SPXW250411P05770000,2025-04-10 19:36:55+00:00,5770.0,524.1,482.6,487.8,0.0,0.0,5,118,1.0000000000000003e-05,True,REGULAR,USD
SPXW250411P05775000,2025-04-10 19:26:54+00:00,5775.0,498.2,487.6,492.8,0.0,0.0,4,139,1.0000000000000003e-05,True,REGULAR,USD
SPXW250411P05780000,2025-04-11 00:59:56+00:00,5780.0,580.5,492.6,497.8,80.100006,16.007195,14,165,1.0000000000000003e-05,True,REGULAR,USD
SPXW250411P05785000,2025-04-11 00:59:56+00:00,5785.0,585.5,497.6,502.4,74.0,14.467253,7,87,1.0000000000000003e-05,True,REGULAR,USD
SPXW250411P05790000,2025-04-10 20:10:05+00:00,5790.0,507.9,502.6,507.4,0.0,0.0,6,239,1.0000000000000003e-05,True,REGULAR,USD
SPXW250411P05795000,2025-04-10 19:35:03+00:00,5795.0,540.5,507.3,517.3,0.0,0.0,1,27,1.0000000000000003e-05,True,REGULAR,USD
SPXW250411P05800000,2025-04-10 19:35:47+00:00,5800.0,543.7,512.6,517.4,0.0,0.0,55,498,1.0000000000000003e-05,True,REGULAR,USD
SPXW250411P05805000,2025-04-10 20:08:49+00:00,5805.0,530.4,517.3,527.3,0.0,0.0,5,13,1.0000000000000003e-05,True,REGULAR,USD
SPXW250411P05810000,2025-04-10 19:40:09+00:00,5810.0,570.43,520.1,530.2,0.0,0.0,1,49,1.0000000000000003e-05,True,REGULAR,USD
SPXW250411P05815000,2025-04-10 20:09:54+00:00,5815.0,535.9,527.3,537.3,0.0,0.0,6,13,1.0000000000000003e-05,True,REGULAR,USD
SPXW250411P05820000,2025-04-10 19:15:51+00:00,5820.0,555.43,532.5,537.4,0.0,0.0,8,75,1.0000000000000003e-05,True,REGULAR,USD
SPXW250411P05825000,2025-04-10 20:10:01+00:00,5825.0,544.9,537.4,547.3,0.0,0.0,3,42,1.0000000000000003e-05,True,REGULAR,USD
SPXW250411P05830000,2025-04-10 20:13:53+00:00,5830.0,554.13,542.5,547.8,0.0,0.0,19,83,1.0000000000000003e-05,True,REGULAR,USD
SPXW250411P05840000,2025-04-10 19:40:38+00:00,5840.0,608.3,552.5,557.7,0.0,0.0,8,59,1.0000000000000003e-05,True,REGULAR,USD
SPXW250411P05850000,2025-04-11 00:59:06+00:00,5850.0,653.1,562.5,567.7,65.19995,11.090313,7,541,1.0000000000000003e-05,True,REGULAR,USD
SPXW250411P05860000,2025-04-10 19:06:01+00:00,5860.0,555.93,572.5,577.7,0.0,0.0,7,67,1.0000000000000003e-05,True,REGULAR,USD
SPXW250411P05870000,2025-04-10 20:10:11+00:00,5870.0,585.8,582.5,587.7,0.0,0.0,16,1462,1.0000000000000003e-05,True,REGULAR,USD
SPXW250411P05875000,2025-04-10 20:09:46+00:00,5875.0,598.2,587.5,592.7,0.0,0.0,13,80,1.0000000000000003e-05,True,REGULAR,USD
SPXW250411P05880000,2025-04-10 20:13:53+00:00,5880.0,604.18,592.5,597.3,0.0,0.0,24,490,1.0000000000000003e-05,True,REGULAR,USD
SPXW250411P05890000,2025-04-10 20:12:30+00:00,5890.0,606.9,602.5,607.3,0.0,0.0,2,90,1.0000000000000003e-05,True,REGULAR,USD
SPXW250411P05900000,2025-04-10 20:07:55+00:00,5900.0,626.8,612.5,617.3,0.0,0.0,27,1634,1.0000000000000003e-05,True,REGULAR,USD
SPXW250411P05910000,2025-04-10 20:09:23+00:00,5910.0,634.0,622.5,627.3,0.0,0.0,13,354,1.0000000000000003e-05,True,REGULAR,USD
SPXW250411P05920000,2025-04-10 20:10:10+00:00,5920.0,636.5,632.5,637.3,0.0,0.0,7,233,1.0000000000000003e-05,True,REGULAR,USD
SPXW250411P05925000,2025-04-10 20:09:49+00:00,5925.0,646.7,637.5,642.3,0.0,0.0,24,69,1.0000000000000003e-05,True,REGULAR,USD
SPXW250411P05930000,2025-04-10 20:12:31+00:00,5930.0,647.2,642.5,647.3,0.0,0.0,21,254,1.0000000000000003e-05,True,REGULAR,USD
SPXW250411P05940000,2025-04-10 20:09:53+00:00,5940.0,660.8,652.5,657.3,0.0,0.0,14,256,1.0000000000000003e-05,True,REGULAR,USD
SPXW250411P05950000,2025-04-10 20:00:27+00:00,5950.0,687.9,662.5,667.3,0.0,0.0,19,466,1.0000000000000003e-05,True,REGULAR,USD
SPXW250411P05960000,2025-04-10 20:12:24+00:00,5960.0,677.2,672.5,677.3,0.0,0.0,22,506,1.0000000000000003e-05,True,REGULAR,USD
SPXW250411P05970000,2025-04-10 20:12:14+00:00,5970.0,686.6,682.4,687.3,0.0,0.0,17,222,1.0000000000000003e-05,True,REGULAR,USD
SPXW250411P05975000,2025-04-10 20:09:19+00:00,5975.0,698.6,687.4,692.3,0.0,0.0,21,78,1.0000000000000003e-05,True,REGULAR,USD
SPXW250411P05980000,2025-04-10 20:13:02+00:00,5980.0,699.4,692.4,697.3,0.0,0.0,8,269,1.0000000000000003e-05,True,REGULAR,USD
SPXW250411P05990000,2025-04-10 20:06:33+00:00,5990.0,716.7,694.9,714.8,0.0,0.0,14,44,1.0000000000000003e-05,True,REGULAR,USD
SPXW250411P06000000,2025-04-11 05:04:01+00:00,6000.0,730.1,712.4,717.3,14.599976,2.0405276,1,65,1.0000000000000003e-05,True,REGULAR,USD
SPXW250411P06010000,2025-04-10 20:06:45+00:00,6010.0,734.2,714.9,734.9,0.0,0.0,3,48,1.0000000000000003e-05,True,REGULAR,USD
SPXW250411P06020000,2025-04-10 20:00:44+00:00,6020.0,754.2,726.1,749.4,0.0,0.0,2,46,1.0000000000000003e-05,True,REGULAR,USD
SPXW250411P06025000,2025-04-10 20:10:10+00:00,6025.0,741.6,737.4,742.3,0.0,0.0,3,170,1.0000000000000003e-05,True,REGULAR,USD
SPXW250411P06030000,2025-04-10 20:04:37+00:00,6030.0,748.7,736.1,759.4,0.0,0.0,2,15,1.0000000000000003e-05,True,REGULAR,USD
SPXW250411P06040000,2025-04-10 20:12:32+00:00,6040.0,757.0,752.4,757.7,0.0,0.0,11,87,1.0000000000000003e-05,True,REGULAR,USD
SPXW250411P06050000,2025-04-10 20:09:57+00:00,6050.0,769.7,762.4,767.7,0.0,0.0,3,146,1.0000000000000003e-05,True,REGULAR,USD
SPXW250411P06060000,2025-04-10 20:12:13+00:00,6060.0,776.8,772.4,777.7,0.0,0.0,8,194,1.0000000000000003e-05,True,REGULAR,USD
SPXW250411P06070000,2025-04-10 18:40:48+00:00,6070.0,774.4,782.4,787.7,0.0,0.0,1,56,1.0000000000000003e-05,True,REGULAR,USD
SPXW250411P06075000,2025-04-10 20:08:28+00:00,6075.0,801.4,781.1,798.4,0.0,0.0,2,50,1.0000000000000003e-05,True,REGULAR,USD
SPXW250411P06080000,2025-04-09 19:13:19+00:00,6080.0,695.7,786.1,809.4,0.0,0.0,2,23,1.0000000000000003e-05,True,REGULAR,USD
SPXW250411P06090000,2025-04-10 20:12:31+00:00,6090.0,807.1,802.4,807.6,0.0,0.0,6,86,1.0000000000000003e-05,True,REGULAR,USD
SPXW250411P06100000,2025-04-11 06:09:54+00:00,6100.0,761.12,812.4,817.6,-59.080017,-7.2031236,1,554,1.0000000000000003e-05,True,REGULAR,USD
SPXW250411P06120000,2025-04-09 18:35:37+00:00,6120.0,724.67,826.1,849.4,0.0,0.0,12,35,1.0000000000000003e-05,True,REGULAR,USD
SPXW250411P06130000,2025-04-10 20:07:16+00:00,6130.0,858.0,836.1,853.4,0.0,0.0,2,21,1.0000000000000003e-05,True,REGULAR,USD
SPXW250411P06140000,2025-04-10 14:25:26+00:00,6140.0,817.67,852.4,857.6,0.0,0.0,70,19,1.0000000000000003e-05,True,REGULAR,USD
SPXW250411P06150000,2025-04-10 13:56:19+00:00,6150.0,822.3,856.1,879.4,0.0,0.0,3,42,1.0000000000000003e-05,True,REGULAR,USD
SPXW250411P06160000,2025-04-09 19:49:36+00:00,6160.0,709.4,866.1,889.8,0.0,0.0,1,11,1.0000000000000003e-05,True,REGULAR,USD
SPXW250411P06170000,2025-04-10 20:01:49+00:00,6170.0,891.8,874.9,898.9,0.0,0.0,1,12,1.0000000000000003e-05,True,REGULAR,USD
SPXW250411P06175000,2025-04-10 18:35:58+00:00,6175.0,893.6,881.1,904.8,0.0,0.0,1,23,1.0000000000000003e-05,True,REGULAR,USD
SPXW250411P06180000,2025-04-10 19:45:01+00:00,6180.0,972.9,886.1,909.8,0.0,0.0,3,12,1.0000000000000003e-05,True,REGULAR,USD
SPXW250411P06190000,2025-04-09 18:51:29+00:00,6190.0,819.7,896.1,913.1,0.0,0.0,2,5,1.0000000000000003e-05,True,REGULAR,USD
SPXW250411P06200000,2025-04-09 18:56:29+00:00,6200.0,855.89,898.3,920.9,0.0,0.0,12,15,1.0000000000000003e-05,True,REGULAR,USD
SPXW250411P06210000,2025-04-10 20:01:44+00:00,6210.0,929.9,914.9,933.1,0.0,0.0,4,4,1.0000000000000003e-05,True,REGULAR,USD
SPXW250411P06220000,2025-04-10 19:52:56+00:00,6220.0,957.5,918.8,942.3,0.0,0.0,3,9,1.0000000000000003e-05,True,REGULAR,USD
SPXW250411P06225000,2025-02-25 18:30:27+00:00,6225.0,267.14,644.6,662.7,0.0,0.0,5,1,1.0000000000000003e-05,True,REGULAR,USD
SPXW250411P06240000,2025-04-09 18:56:29+00:00,6240.0,895.69,946.1,969.6,0.0,0.0,12,13,1.0000000000000003e-05,True,REGULAR,USD
SPXW250411P06260000,2025-04-09 19:19:23+00:00,6260.0,865.5,965.8,988.9,0.0,0.0,1,1,1.0000000000000003e-05,True,REGULAR,USD
SPXW250411P06275000,2025-04-10 18:36:03+00:00,6275.0,989.2,981.0,1004.8,0.0,0.0,1,6,1.0000000000000003e-05,True,REGULAR,USD
SPXW250411P06300000,2025-04-10 19:45:56+00:00,6300.0,1080.7,1006.0,1029.8,0.0,0.0,3,23,1.0000000000000003e-05,True,REGULAR,USD
SPXW250411P06330000,2025-04-10 20:03:18+00:00,6330.0,1042.4,1036.0,1059.8,0.0,0.0,2,18,1.0000000000000003e-05,True,REGULAR,USD
SPXW250411P06350000,2025-04-10 20:03:27+00:00,6350.0,1063.9,1049.4,1072.3,0.0,0.0,9,11,1.0000000000000003e-05,True,REGULAR,USD
SPXW250411P06400000,2025-04-10 19:50:11+00:00,6400.0,1155.2,1098.3,1121.1,0.0,0.0,6,3,1.0000000000000003e-05,True,REGULAR,USD
SPXW250411P06450000,2025-04-10 19:42:16+00:00,6450.0,1229.4,1155.8,1178.9,0.0,0.0,7,7,1.0000000000000003e-05,True,REGULAR,USD
SPXW250411P06475000,2025-04-10 19:44:30+00:00,6475.0,1271.4,1173.3,1195.6,0.0,0.0,3,5,1.0000000000000003e-05,True,REGULAR,USD
SPXW250411P06500000,2025-04-10 19:56:38+00:00,6500.0,1220.8,1206.0,1229.4,0.0,0.0,9,7,1.0000000000000003e-05,True,REGULAR,USD
SPXW250411P06550000,2025-04-10 19:50:19+00:00,6550.0,1313.0,1249.0,1270.6,0.0,0.0,24,8,1.0000000000000003e-05,True,REGULAR,USD
SPXW250411P06600000,2025-04-11 07:59:33+00:00,6600.0,1320.0,1304.9,1328.9,-71.099976,-5.1110616,4,6,1.0000000000000003e-05,True,REGULAR,USD
SPXW250411P06650000,2025-04-10 18:32:25+00:00,6650.0,1336.6,1356.0,1379.8,0.0,0.0,2,5,1.0000000000000003e-05,True,REGULAR,USD
SPXW250411P07000000,2025-04-10 18:38:25+00:00,7000.0,1704.9,1698.3,1720.6,0.0,0.0,1,3,1.0000000000000003e-05,True,REGULAR,USD
